Date,Bhat_Exchange_Rate
2021-06-13,46.43671466407011
2024-08-02,69.32812528998235
2024-09-23,70.66275255399222
2022-09-15,55.872646320692226
2020-07-01,39.74109933115727
2020-06-19,39.38597759573732
2020-10-19,41.9612152041624
2022-01-03,50.67744370124007
2024-05-31,68.23394740646461
2020-10-27,41.88142174662564
2024-09-10,70.28313751556027
2021-03-14,44.69994857688529
2021-04-16,45.35206622588696
2021-12-23,50.411930586102336
2024-10-27,71.1428018864537
2022-07-12,54.543600283389644
2024-07-31,69.52835572853
2021-01-06,43.41711199773925
2022-05-09,53.21747716871072
2023-09-02,62.8149923063015
2021-02-19,44.2040794979113
2022-06-06,53.667531510535404
2024-02-21,66.55883766154615
2020-06-24,39.50278888595588
2024-03-27,66.94532053414252
2023-02-05,58.699447720476655
2021-07-21,47.44038987822532
2023-09-17,62.970483258854024
2020-11-30,42.58956870975327
2022-02-21,51.72999211241149
2021-08-14,47.87167052942276
2022-09-28,55.983059754493425
2022-07-10,54.27513281547495
2022-12-14,57.47770585131038
2020-07-17,40.07248124076337
2020-01-16,36.46827510521664
2020-09-22,41.19257937614588
2021-07-29,47.72691811930387
2022-07-14,54.63844906115279
2022-05-23,53.417942943729024
2021-08-21,48.12402414586723
2022-10-10,56.176963237719065
2022-05-15,53.265765754675634
2022-03-31,52.35469658125815
2024-12-09,72.13196808931437
2023-10-26,63.94794981405935
2020-07-18,40.021443171342426
2022-07-26,54.837280390587225
2022-10-19,56.37586504452929
2021-10-31,49.4917210686418
2022-11-07,56.734351155098196
2021-04-30,45.62118115243592
2022-03-09,52.02661944773572
2023-04-04,59.85542886816482
2021-12-21,50.54474231311486
2024-05-02,67.79326608594998
2021-09-11,48.46504288667964
2021-03-09,44.79863557362579
2024-01-05,65.26879529277423
2020-11-06,42.257112821555204
2020-02-26,37.14736738125516
2022-08-06,55.049500983372916
2021-03-26,45.1762983533314
2023-06-19,61.3057554231229
2020-02-13,37.04441621062384
2020-04-10,38.054023216555244
2020-10-01,41.567942006677036
2023-12-03,64.58419768955237
2020-12-19,42.938750700180016
2020-04-11,38.05287739803584
2021-09-12,48.297893856375985
2022-03-24,52.08771429885807
2020-04-17,38.18278526163707
2021-08-06,47.6211328299167
2024-12-12,72.21443969364344
2022-02-20,51.52960313255037
2023-07-28,62.137871752377976
2022-03-21,52.14342695245352
2021-07-11,47.33682636908666
2022-01-22,50.95504390851825
2021-03-02,44.525107355814036
2022-10-04,56.015871764825334
2024-04-24,67.35201927559622
2020-05-08,38.56600440890628
2021-06-02,46.34625245915343
2021-04-28,45.6984710186563
2022-12-21,57.68251293063004
2022-09-09,55.62851952892354
2023-01-21,58.27800705362443
2022-12-11,57.38702075402084
2022-09-24,55.87294823621044
2022-08-07,55.00841829575556
2023-05-27,60.73585110583445
2023-06-23,61.49917535740489
2021-10-16,49.085730406339124
2021-09-06,48.104290515652856
2021-09-21,48.31898567151131
2021-08-07,47.73157274127299
2023-11-06,64.02572136778716
2022-12-10,57.617549528679426
2021-12-31,50.518424790269705
2024-02-16,66.29495104328555
2021-12-05,50.05513603425002
2021-02-09,44.136214319272916
2024-01-30,65.77379732760141
2024-02-25,66.26178721406816
2022-06-23,53.91709003681467
2024-10-22,71.07390434090287
2023-11-02,63.89552724011417
2021-05-09,45.73536951508396
2020-08-14,40.435919895125394
2020-08-19,40.71913779767275
2024-12-30,72.34609607532643
2024-04-09,67.18300038259078
2021-11-11,49.63765507619804
2020-06-12,39.22503232184444
2024-10-02,70.81898967647099
2024-05-14,67.32740314159828
2020-09-23,41.760873011469755
2020-05-28,38.834891905371954
2021-06-11,46.498919136710846
2024-07-18,69.34935690484717
2021-08-30,48.11829137478967
2021-12-07,50.17136415692631
2024-02-20,66.16383083351413
2020-11-02,41.92403949899682
2020-07-11,39.89580280007436
2024-09-17,70.44617365537994
2020-11-05,42.088544959179906
2021-12-11,50.13077798429683
2020-03-04,37.21164997569451
2024-06-05,68.4958605838209
2024-12-22,72.43986817803304
2023-03-11,59.323091286196444
2021-08-16,47.825550839706004
2023-05-01,60.252405743576574
2022-06-19,53.99369260745038
2024-09-07,70.36401969020737
2024-11-02,71.3078291247098
2023-06-22,61.3038398342869
2023-05-15,60.76739892131667
2022-05-31,53.40757729072115
2023-03-10,59.298101667743396
2023-06-17,61.37483702525211
2023-12-23,65.03242968391947
2022-11-18,57.14439655212126
2022-07-29,54.799809879118264
2020-10-13,41.55057824222927
2024-01-11,65.53106707473354
2021-09-20,48.47705793076059
2021-11-10,49.528211196353965
2024-02-11,66.11308301133545
2023-12-28,65.2187647000278
2023-11-07,64.15385984978442
2024-12-27,72.47466284625366
2023-11-26,64.73753570769814
2024-03-18,66.83202240184582
2022-11-09,56.89617049029195
2022-06-26,54.1812252039276
2021-10-13,49.11766289354186
2023-01-26,58.41616726436098
2021-11-08,49.677890692224224
2023-07-23,61.98453283481265
2023-10-23,63.8130030719716
2021-05-08,45.854063466813855
2023-04-20,60.12309602481986
2020-10-04,41.62121755651338
2024-08-15,69.8290400718203
2020-12-24,43.16669765048355
2023-01-15,58.0737023129419
2020-08-24,40.15841534871303
2024-09-03,70.36295274007455
2022-02-03,51.267642867631814
2020-07-27,40.234559962799814
2024-06-30,68.96400909193713
2024-07-08,69.00328183909524
2020-02-28,37.167691884177465
2023-12-25,65.18864942736262
2023-12-18,64.88027127932787
2020-12-29,43.31592186219887
2023-04-26,60.265732018381314
2022-04-14,52.73564537615535
2023-02-11,58.922967293460175
2024-01-10,65.41893291299866
2023-01-23,58.248979912025995
2021-12-16,50.424285744052135
2024-11-08,71.51041680950186
2021-11-25,49.93887162137112
2020-04-28,38.44877049957674
2024-04-10,67.21227003680798
2021-10-12,48.90906319033215
2021-06-06,46.56835558381893
2021-05-28,46.073986205264696
2020-03-22,37.81616435767434
2021-09-09,48.46073430421452
2023-08-24,62.74307562577474
2021-01-15,43.782951977367716
2024-03-30,66.9380451731254
2020-03-25,37.757160830873836
2024-03-20,66.80100319793421
2020-11-25,42.48353019712678
2022-08-01,54.79675235240854
2022-10-03,56.04904876052845
2024-07-30,69.48653622466858
2024-12-13,72.15432325334234
2022-01-13,50.81011562036489
2021-03-27,45.07034511752309
2021-05-05,45.54868512827505
2024-06-18,68.74270746358361
2020-10-14,41.868185110236894
2023-02-16,58.83506378098078
2024-12-17,72.24119490109585
2023-06-03,60.89045153928306
2023-03-19,59.4060558744718
2022-02-11,51.38902436615786
2021-11-09,49.64552011799385
2022-02-10,51.35482883522815
2024-02-23,66.17025192680646
2022-09-03,55.45262816661515
2024-12-07,72.11770977021843
2020-11-23,42.55405918247587
2022-06-07,53.74362133592591
2023-04-19,60.14600046753446
2022-08-23,55.30275954048108
2022-02-24,51.72135878379396
2022-06-17,54.058656127508115
2020-06-26,39.483524693306094
2024-08-21,69.72605681975114
2021-08-22,47.930122166106436
2020-03-27,37.7207160957639
2023-07-10,61.686331869377454
2024-09-28,70.46808966162486
2021-04-02,45.27413744347698
2020-02-24,36.92353127800518
2023-10-06,63.46175644926798
2020-08-09,40.50069551514254
2020-04-23,38.21248931354439
2024-06-06,68.27119044082544
2023-02-02,58.82534815657688
2022-04-25,52.76877582866931
2020-06-23,39.32296073661005
2022-01-27,51.245296281644784
2021-08-12,47.755991858222686
2023-11-30,64.69475557500043
2020-01-19,36.41634291866437
2021-02-27,44.345226484076015
2023-05-11,60.52772316972862
2020-10-12,41.69045705635897
2023-12-24,65.159822142652
2021-03-04,44.72441245277495
2024-06-04,68.3791551888585
2023-06-01,61.06908840862801
2020-02-01,36.74979674252884
2024-06-21,68.64712326902261
2022-04-21,52.8659834851966
2020-08-02,40.14993521536798
2021-11-23,49.76157833913118
2020-11-22,42.61666645935973
2021-07-14,47.18536882231521
2022-10-15,56.48067457631737
2023-09-19,63.02237605910425
2023-12-04,64.76577267472386
2020-12-07,42.71381438046564
2020-05-27,38.85553460844135
2020-12-26,43.16566367349749
2020-03-24,37.759847576574536
2020-02-18,36.92288326165905
2021-04-13,45.351219660540245
2020-06-04,39.20168456279892
2023-01-08,58.1480674404625
2023-07-05,61.6366790659946
2023-01-10,58.294233174362965
2024-05-24,68.05789824792892
2021-05-15,46.09063973852164
2020-06-28,39.61529964614416
2024-02-10,66.00746867759077
2024-03-19,66.74421760373701
2022-01-16,51.01644847293376
2024-01-26,65.48144563918103
2021-06-12,46.62537652589348
2020-12-12,43.01320170654724
2024-11-09,71.29629936650839
2024-11-22,71.74385293144931
2022-11-21,57.03809394638095
2022-08-08,55.10332536044671
2024-05-06,67.73361044560333
2021-08-24,47.95255823484809
2022-07-06,54.398802065315046
2020-08-31,40.792999665486676
2022-01-29,51.25142750796075
2023-09-12,63.115247103342895
2020-11-08,42.263873282423866
2021-03-11,44.78374721111295
2024-09-27,70.5777957871882
2022-03-03,51.92772009281999
2020-11-04,42.08750914101788
2021-03-06,44.33335645139851
2021-10-22,49.182698479475285
2021-01-05,43.336324191473814
2021-07-20,47.23980197406813
2023-11-08,64.13035186265002
2020-06-30,39.79405167991624
2022-01-06,50.739459244266165
2021-09-13,48.458666693297864
2023-02-08,58.62321697254039
2022-12-25,57.874979045592774
2022-03-17,52.1062824282971
2024-08-09,69.58196511014901
2020-10-23,41.89052937589714
2022-02-06,51.46363524501851
2021-04-06,45.24524963722374
2023-04-11,59.927233091818074
2022-10-02,56.02485517383344
2021-01-12,43.32819134398378
2022-09-27,56.044726781868285
2020-04-15,38.275716796425066
2020-05-06,38.42997529886466
2022-11-06,56.84141969970576
2021-12-13,50.17679342398726
2020-12-21,43.05615423596752
2024-01-23,65.72430669891128
2021-11-13,49.59048744466684
2022-06-11,53.7197410262557
2022-01-11,50.74125474085395
2020-07-28,40.299107763955234
2024-01-28,65.63235928682319
2020-05-20,38.864333069701466
2023-08-06,62.236815951742656
2023-05-07,60.48409452701281
2022-07-27,54.90273284389618
2023-12-15,64.69941800172117
2022-09-17,55.81840974431653
2022-10-23,56.40655038878891
2023-03-05,59.162781555326454
2023-05-13,60.6349441373996
2022-09-12,55.77453232867508
2020-01-11,36.209643959939115
2024-04-05,67.31624885527667
2022-10-30,56.678464982420344
2020-10-09,41.63561018334766
2020-10-18,41.85707416531492
2021-09-18,48.187886378968656
2022-03-10,51.959340963724976
2022-05-05,53.122735421515266
2020-05-09,38.58124519970385
2024-11-21,71.79227549645687
2020-11-19,42.26304955385735
2022-09-06,55.380151381113194
2023-05-14,60.49259672777157
2024-07-19,69.20481268820879
2024-08-31,70.22650579573254
2023-02-18,58.86239356601732
2024-07-14,69.01944522784129
2024-07-16,69.13696900690607
2024-05-13,67.86141679045723
2022-06-24,54.077449725322396
2020-06-07,39.07394938996281
2024-04-27,67.54004487304279
2021-09-26,48.5983180679166
2021-05-31,46.45452218557734
2023-07-29,62.132670614629156
2021-08-20,48.07348100434079
2020-07-14,39.99972860981335
2024-11-05,71.46577423509495
2023-09-18,63.25416445683449
2021-02-14,44.10127609723174
2020-04-06,38.08329515414095
2023-12-19,65.09560505425138
2022-03-13,52.12833508636313
2020-06-05,38.999225767280564
2021-02-23,44.20586454406881
2022-10-31,56.497593297987
2021-04-22,45.58798853844901
2023-10-15,63.52170701807106
2021-10-30,49.3677442345646
2022-06-20,54.14090913480397
2022-07-19,54.643029361194024
2023-04-05,59.7752084347886
2021-03-23,45.03403147694571
2024-11-28,71.82534762111547
2020-06-27,39.45898052491209
2021-01-25,43.76383386969901
2021-08-01,47.59378122948646
2023-07-12,61.80148534727284
2024-04-17,67.39264841950913
2023-05-08,60.470993980509704
2024-02-18,65.53401349925143
2022-02-04,51.3792705778459
2024-10-03,70.86574991186453
2022-04-12,52.70055873031146
2022-07-05,54.28232659261698
2021-10-26,49.287335956794564
2020-05-22,38.86318187016879
2023-10-21,63.79925097293427
2024-01-12,65.4485112577505
2021-02-25,44.438411085448685
2021-09-28,48.78309706114667
2023-07-08,61.6327759664199
2023-05-05,60.360642407287074
2021-09-07,48.291631508131346
2020-10-21,41.70967155074298
2023-12-17,64.80887244866742
2024-10-01,70.77450293386386
2020-03-29,37.537724521511116
2020-02-11,36.851848894487006
2024-07-06,68.96691035870616
2024-10-29,71.11249390738881
2020-05-11,38.59937644928888
2024-10-08,70.93079402937906
2022-04-16,52.84612177693787
2022-08-10,55.08762982834287
2024-08-22,70.08057049051168
2023-10-10,63.440855137499824
2020-06-13,39.497989840602564
2021-12-25,50.594235491332455
2020-10-17,41.85918918229759
2024-09-25,70.72686439803195
2022-05-11,53.03420946280726
2022-02-17,51.71144730223515
2020-12-14,42.936210586260074
2021-07-25,47.303621748776635
2022-04-04,52.569326363049235
2024-09-18,70.58673987261159
2022-09-21,56.23368833639234
2023-12-31,65.30411963204577
2023-04-17,59.944625464630676
2022-08-21,55.10911733052573
2021-04-03,45.07418596209491
2021-01-10,43.441003303436666
2020-11-29,42.72510894193835
2022-12-04,57.320315654194985
2024-05-30,68.2809262773475
2023-08-26,62.60137654657185
2023-03-14,59.289807620885924
2022-04-29,52.96886570250357
2024-08-24,69.94466384375254
2023-01-19,58.28810800993658
2024-10-25,71.18806856673423
2023-02-19,58.987085361443235
2020-11-24,42.73082491753351
2023-03-15,59.52295806218524
2020-11-14,42.36699239141365
2023-11-03,63.985190075934014
2023-05-25,60.85127078357403
2024-05-08,67.6657002657564
2020-06-16,39.36278633848397
2020-01-13,36.30786346974583
2020-06-20,39.526610128445306
2021-10-11,49.01310013665154
2020-09-17,41.19603077764931
2023-10-27,63.91546658540161
2023-07-11,61.70383976469842
2021-11-03,49.45125713956766
2020-09-15,41.161340351048615
2023-06-16,61.438277792187435
2020-05-18,38.68475541941982
2024-08-07,69.85250253913384
2021-07-03,47.006106756078545
2024-07-13,69.17956765952927
2023-10-31,63.90259687205424
2024-02-15,66.05464890248957
2022-12-20,57.45601901688524
2021-07-12,47.13712771150662
2020-05-19,38.910497205658174
2024-05-10,67.7427836870997
2021-06-15,46.63584353083726
2020-08-12,40.416055775225054
2021-12-24,50.43398064154038
2022-02-25,51.736201131137435
2023-08-08,62.10795489467275
2021-02-13,44.25937026086042
2020-11-21,42.53851707986154
2022-09-20,55.8524307527179
2020-10-26,42.10784193045711
2023-03-31,59.62011329478739
2022-11-15,57.02507722152749
2022-08-26,55.378095928502226
2024-08-25,69.96079303785241
2021-12-15,50.149997272780354
2020-07-12,39.782959547429506
2021-03-16,44.712230198751946
2021-07-27,47.4861190641179
2021-05-18,46.04221515691102
2021-08-28,48.210822842985415
2024-08-11,68.93603406471746
2024-06-23,68.90589842885048
2022-04-26,52.784453182809266
2020-01-04,36.06734432608287
2022-11-24,56.95460151113867
2023-01-29,58.2809227911869
2021-04-12,45.35649868517937
2020-11-17,42.478084553317395
2020-01-06,36.121670645092074
2020-08-10,40.9335848688183
2021-07-01,46.95497265024651
2020-08-16,40.67623684456897
2020-02-09,36.81616269569698
2021-06-26,46.81387945987264
2020-08-30,40.904026932879844
2023-05-21,60.62701345562654
2020-05-16,38.701094819613374
2024-12-26,72.49975668640631
2024-05-26,68.00307035047045
2023-12-13,64.88359640072507
2022-05-24,53.47034112478421
2022-04-09,52.604552261739805
2021-03-21,45.01563107141526
2022-04-22,52.72063899084371
2022-09-01,55.418294021945044
2023-07-20,61.92317739583049
2022-11-29,57.387031297893934
2024-07-27,69.44673467973406
2021-08-04,47.50422283133959
2024-06-03,68.2901264213905
2024-12-01,72.0316249866746
2021-10-23,49.019964470946654
2021-03-12,44.64446743066395
2024-08-23,69.88373854395074
2021-01-11,43.5727947457393
2023-09-13,62.97191923999452
2023-01-17,58.25141358312506
2020-11-10,42.124673993977666
2021-03-18,44.90803833821998
2022-11-20,57.180059772164235
2020-11-15,42.59584494157066
2020-10-08,41.53606762988942
2023-11-22,64.49325883755778
2022-12-30,57.85367386948805
2023-10-08,63.48072986567273
2021-02-28,44.637259772590774
2021-07-07,47.134336495316504
2021-08-17,47.65984859155504
2024-11-25,71.78459841591086
2021-01-03,43.20578759813068
2023-06-25,61.46678565216209
2022-07-30,54.71569154658018
2023-10-11,63.57406337557906
2024-01-21,65.56108691737067
2022-06-25,54.14403691039893
2020-08-15,40.48304662434854
2022-10-24,56.34890215814594
2023-01-12,58.24543068426545
2023-04-29,60.37821464577371
2023-10-07,63.57682975243527
2020-03-07,37.364755582499235
2021-01-28,43.93224322329309
2021-08-02,47.49764673999202
2020-01-25,36.30207995125571
2020-07-30,40.36585491563412
2024-06-11,68.58348989155853
2020-05-24,38.775712116678015
2021-06-20,46.726385621554115
2022-03-22,52.19359966664833
2022-10-26,56.54771110558559
2024-12-18,72.20072720960178
2020-03-26,37.6398914655223
2024-07-07,68.9626826235781
2020-09-29,41.3922073988058
2023-03-24,59.52718705878016
2022-12-23,57.730313489610204
2023-11-15,64.30885943743174
2024-07-09,68.97856484966279
2021-09-22,48.652226308751885
2024-06-14,68.64817147755139
2024-09-05,70.08649392668238
2022-09-14,55.81918041973965
2023-06-07,61.60251542713439
2022-11-19,56.99330437691455
2021-05-20,46.03797035990134
2020-09-30,41.45070905332422
2021-05-22,46.16496006796715
2023-07-26,61.9511595028174
2020-12-28,43.162888784651045
2024-10-17,71.13556918423289
2022-11-27,57.33126001371912
2021-09-14,48.450684539721735
2020-01-03,36.18295511922947
2020-01-07,36.06670786212871
2023-09-04,62.84539986954118
2020-11-07,42.148641392992324
2023-05-22,60.58529716168324
2024-10-18,71.0727728448509
2021-10-27,49.383490785824605
2020-12-30,43.26557535552612
2024-12-04,72.04375642599666
2020-08-03,40.29136839988417
2022-09-13,55.72636303129935
2020-01-28,36.66620816100985
2023-08-05,62.21883248427086
2021-06-09,46.4650810240009
2024-08-04,69.6160921404778
2024-11-16,71.46136418728678
2021-09-30,48.822634465141995
2020-10-29,41.97204038975444
2021-12-19,50.457859190890105
2021-11-22,49.982922881652556
2023-12-07,64.73867409648494
2023-08-16,62.56747999811625
2021-09-16,48.38465341673313
2020-01-08,36.1893301225794
2020-09-13,40.99491185866035
2022-03-14,52.182327586316255
2020-01-26,36.40842539902772
2020-12-02,42.780584630763094
2021-07-26,47.577823245517926
2020-02-17,36.99992814825059
2023-09-15,63.02574952656729
2020-04-16,38.14434779723297
2020-12-15,43.09536754034001
2020-02-25,37.19564130413316
2020-08-26,40.743659348058614
2020-08-01,40.09726424040357
2020-04-30,38.25665287492324
2023-03-23,59.70581248087819
2022-11-13,57.00447331028076
2022-03-04,51.871757621006296
2020-03-13,37.47374468859304
2022-07-11,54.47458513588792
2022-03-23,52.203342931212745
2024-04-30,67.56500051780056
2020-03-18,37.43988090955481
2022-08-02,55.00232797908456
2023-04-16,60.01021895468804
2020-02-15,36.82361886653616
2024-03-15,66.66398510606885
2021-06-07,46.358338417274275
2020-08-20,40.65584632047857
2021-10-06,48.86216462538089
2023-09-06,62.87725306335905
2023-10-12,63.52220284607043
2023-01-01,57.85387988500261
2021-06-17,47.11660285847361
2023-03-16,59.5424963045886
2023-10-13,63.55783889138525
2021-08-26,48.11107206185757
2021-04-10,45.13887544006801
2024-06-16,68.51601596115623
2022-02-27,51.569201366368254
2024-04-02,67.06175906009912
2022-12-19,57.682619629591585
2023-04-07,59.76999083568369
2020-03-01,37.12042735096913
2024-07-05,69.02271910735467
2023-04-23,60.21179710276883
2020-04-02,37.95144718780778
2021-10-28,49.36156321256375
2024-03-04,66.52871366186011
2024-03-28,66.9494525987827
2020-07-13,39.92682603680685
2020-10-07,41.59066465308416
2021-11-26,50.07204608387437
2024-12-24,72.43596095595795
2020-12-25,43.85894788673306
2024-07-20,69.196104087218
2021-06-03,46.390326698331776
2023-08-07,62.2930241808731
2023-08-19,62.18244491169527
2023-02-20,58.8978208512024
2023-10-05,63.39518526272241
2022-04-27,52.87381982930156
2023-06-12,61.2307795498438
2020-04-20,38.286483495786946
2020-02-12,36.92128944586622
2020-05-05,38.63894450956695
2020-07-23,40.172004503636835
2020-02-22,37.14233685297924
2021-06-29,46.92059506765182
2020-03-09,37.60488263725947
2024-06-02,68.69406018224572
2023-11-18,64.29693936622276
2020-07-02,39.776466707567764
2020-05-17,38.8503785279646
2022-06-18,54.04066795199399
2022-03-07,51.28633595723018
2020-05-12,38.625866745621934
2020-03-21,37.57601945845944
2023-11-13,64.32033114405745
2021-06-25,46.779660117717434
2024-01-03,65.1398767526887
2022-09-10,55.76527861053248
2020-06-14,39.13625589705377
2020-09-05,40.86198745545006
2021-03-22,44.93775975328133
2022-11-23,57.188535748766355
2022-05-08,53.26342225049467
2023-01-18,58.11352809616619
2020-04-07,37.933572433238425
2024-12-05,71.77440970824378
2022-01-07,50.681561838697185
2023-09-10,63.01161144663115
2020-04-12,38.088409768872324
2021-03-10,44.675246928558835
2020-03-15,37.36469164889972
2024-06-28,68.78188566011742
2024-05-12,68.088946702164
2022-07-07,54.39525564538606
2024-04-21,67.24573407037632
2024-03-31,67.02021278998704
2024-01-27,65.7160657790957
2022-02-01,51.34780570780804
2022-09-16,55.84460371151903
2021-01-23,43.50369052845741
2020-08-23,40.818434056711844
2020-09-24,41.28393152949543
2022-12-27,57.689773509226725
2020-04-27,38.21672256502993
2024-01-13,65.52527443724095
2021-11-04,49.21113485432462
2020-09-06,40.97109316142443
2023-08-21,62.55530352971667
2020-04-04,37.72206156076393
2020-02-03,36.73983885318589
2023-09-01,62.903891757880274
2024-03-12,66.69838114210448
2021-03-24,44.99285305147598
2021-12-17,50.26427341820861
2023-03-03,59.37077821078066
2024-10-19,70.97750401839735
2020-01-01,36.06362488131974
2024-08-27,69.9917834279683
2020-03-23,37.516498164756825
2023-03-25,59.70013488675194
2021-11-07,49.799922789304986
2024-06-17,68.65587082723637
2022-11-12,57.01074471922804
2022-02-09,51.450802600129066
2023-01-22,58.45469204634076
2023-03-18,59.38366324457029
2023-12-21,65.08641194286838
2023-09-24,63.24371309749104
2021-02-08,44.108538481299654
2024-10-10,70.78142972648409
2023-04-02,59.76027490930124
2020-04-14,38.110861681260886
2021-11-19,49.78100159145733
2023-04-08,60.11558504950178
2022-04-06,52.52301563889074
2020-03-03,37.3013422347572
2022-05-02,52.967518857746015
2023-05-20,60.76931006588269
2020-08-11,40.31994198382542
2020-05-25,38.92552308512598
2022-12-24,57.809725616982355
2021-01-08,43.396819050918566
2024-10-31,71.4191020060169
2024-07-29,69.52742444954708
2024-09-02,70.23597809006264
2024-01-08,65.47124888810785
2023-03-09,59.20908196484523
2020-01-10,36.19727478498416
2021-03-25,45.010626156853185
2021-12-09,49.516317713704126
2020-09-12,41.196173017661074
2022-06-01,53.783062014680276
2021-01-24,44.20239502663079
2022-06-27,54.26144517420999
2022-07-13,54.31345832504976
2024-04-14,67.42847475334854
2023-02-06,58.21296346990397
2021-04-05,45.07586511321495
2024-08-28,70.00096711702234
2022-08-16,55.039090034405454
2021-05-16,45.841941406624585
2022-01-09,50.704465493788284
2024-08-18,69.76922440657069
2022-05-18,53.31742371338365
2022-01-01,50.512831611513384
2021-06-23,47.078179490795534
2021-11-28,49.8871186946178
2023-06-26,61.46833632543294
2024-05-28,68.26691703910267
2022-10-28,56.74132770815648
2021-01-07,43.30642963144151
2021-10-29,49.273946365380496
2024-01-20,65.66989927658213
2020-12-23,43.08491416964458
2022-08-25,55.43084276078868
2022-02-22,51.67275136328175
2022-01-05,50.69219832044976
2022-11-01,56.73423308542566
2022-08-28,55.39710951757714
2024-05-25,68.21324218548428
2023-09-22,63.03938124706236
2023-09-26,63.299515594254856
2024-04-04,67.15415393271073
2024-04-25,67.58023230701217
2022-06-04,53.69585578982326
2020-03-20,37.50465049311848
2022-03-25,52.08813965912493
2023-03-22,59.50085297624577
2021-11-02,49.37094878091028
2023-11-05,64.10198722185216
2020-02-27,37.06573769582888
2020-05-13,38.659276936342735
2023-02-14,58.94825002192219
2022-07-22,54.73477977808144
2024-03-26,67.15391982488538
2022-04-03,52.39855335095236
2021-05-19,46.23624268515859
2024-06-13,68.3342902691464
2020-12-13,43.01919472532243
2021-01-21,43.698879376174496
2022-10-21,56.58061771459163
2022-06-13,53.89879976064617
2022-04-08,53.14517102845765
2024-09-22,70.57566068711922
2021-04-20,45.53070678094898
2024-11-23,71.80664241743847
2023-07-02,61.68266685844956
2021-10-14,48.91475238069304
2020-06-21,39.47033796676407
2023-02-23,58.93082971158043
2020-02-08,36.62777504281874
2021-12-14,50.240972956777355
2020-03-31,38.06073881478547
2024-11-01,71.28280192033021
2022-05-25,53.54743178039799
2023-05-18,60.6554558071024
2022-12-29,57.8061853547461
2023-03-01,59.10112958719042
2023-05-29,60.995972038607064
2024-11-20,71.60982860080534
2021-05-14,46.03190237537529
2020-12-04,42.78016968873322
2023-04-03,59.72174037361773
2020-01-29,36.50845955595764
2023-08-28,62.798188551557644
2024-07-23,69.33805533589589
2022-08-03,54.89417388330698
2020-06-18,39.359453100902336
2023-07-07,61.68746008421234
2022-07-01,54.34121623790437
2021-05-06,45.74121150455892
2022-08-11,54.98557274237073
2023-01-02,57.91557619499315
2022-10-29,56.57838904947554
2021-08-10,47.709046527901286
2022-01-20,51.3662980907927
2021-10-19,49.2235203803143
2020-08-22,40.57463736244693
2022-01-02,50.53088410080758
2024-02-06,65.8631271907937
2023-03-02,59.17246761305403
2023-09-07,63.03177167099497
2024-02-02,65.78864399955368
2022-07-23,54.59634844476899
2023-04-24,60.08317119896991
2022-12-01,57.23530648497009
2020-04-18,38.303115210494624
2024-10-06,70.60471404982546
2021-07-22,47.18148211199638
2023-03-13,59.17716558556278
2023-03-20,59.23643731320842
2022-06-09,53.75254210020135
2022-08-05,54.99933220766984
2022-11-14,56.911593484117454
2023-05-19,60.50348221962279
2023-06-06,61.128056385433965
2023-08-15,62.50529235795475
2022-06-03,53.64890851438907
2024-03-16,66.62586495427806
2022-04-30,53.02380987416898
2022-01-04,50.572739109777714
2021-12-18,51.11842364102139
2021-03-30,45.64308552495301
2020-09-21,41.45545289615343
2020-03-16,37.61595797966835
2021-03-20,44.8181009085119
2021-01-30,43.94178337584361
2020-06-25,39.419647309488276
2022-11-08,56.839053196646375
2024-05-11,67.7571160576781
2023-07-04,61.91702349403027
2023-08-31,62.645084351526236
2021-08-18,47.87375143629569
2020-03-02,37.30553489595997
2022-05-22,53.53963503469855
2024-06-19,68.62528925838515
2024-09-12,70.52346156261076
2020-10-05,41.576409224561054
2020-02-06,36.65621270058072
2024-01-15,65.5869634830993
2021-10-24,49.323072769103476
2024-07-10,68.99292019576035
2023-08-13,62.394897933899976
2022-09-04,55.4895407490757
2023-12-12,64.66761603609898
2022-01-08,50.60380988827611
2020-07-10,39.94781877581124
2022-07-08,54.39725700231186
2021-04-01,45.150794303229034
2021-11-06,49.585445889393526
2022-01-30,51.123408992766215
2024-07-11,69.11380185727631
2021-12-29,50.63091218521812
2021-02-16,44.38105426571141
2023-01-03,57.90593583503076
2022-04-05,52.379392410862195
2024-04-01,66.87701290613873
2021-09-08,48.45759108857157
2020-04-24,38.43350591037504
2021-02-21,44.12469656751647
2024-10-07,70.89889887264276
2022-08-27,55.231846438857815
2021-08-27,48.02410808433921
2024-10-14,71.0440135071269
2020-03-30,37.90313835624606
2022-04-28,52.972780275197834
2023-10-24,63.77854074200763
2024-10-13,70.9466768104233
2022-01-23,51.169817416635134
2021-05-13,45.936146028013475
2023-06-30,61.48437893066062
2020-01-12,36.18134091431434
2021-01-31,42.81971095339318
2020-10-11,41.66759570333228
2022-12-02,57.41185531476582
2023-04-06,59.738337445903056
2021-11-21,49.74267672814541
2024-02-13,66.05652980492378
2024-09-09,70.36191645241479
2021-11-20,49.83626789765068
2022-05-01,53.149233946821916
2020-06-08,39.197541767751694
2022-06-14,53.87307804284562
2024-02-19,66.28776989502279
2020-09-14,41.22016726887342
2020-12-01,42.66457945943567
2024-09-13,70.29553409647134
2022-11-05,56.866573052866904
2021-05-30,46.23952898576572
2022-10-12,56.38552156899144
2022-02-07,51.32557359706723
2024-05-20,68.04887005333127
2022-01-31,51.3088915092451
2023-05-31,60.9128778466492
2023-04-18,60.076809806310735
2023-09-05,62.9727820021823
2024-12-15,72.3382592243905
2021-06-05,46.36087337622936
2020-01-23,36.4306548446356
2020-12-22,43.13857334925458
2023-07-01,61.6521303667284
2024-03-25,66.8592100639675
2020-12-06,42.75848366039884
2021-03-07,44.67332136886607
2021-04-18,45.49235140219224
2020-08-05,40.3757728821368
2022-06-30,54.14828497095617
2023-05-12,60.42690779411261
2024-01-04,65.98422672661387
2022-10-08,56.395690253089775
2024-11-12,71.22940054927275
2020-04-03,37.80664848300392
2022-10-05,56.17771355720214
2022-12-06,57.37677018472373
2022-12-28,57.97018009139704
2023-12-26,65.1064345822881
2023-08-01,62.34663742684439
2021-11-27,50.01332784562999
2024-06-29,69.0733372972938
2022-09-23,55.810163444152934
2020-06-02,39.08793859449717
2023-01-04,58.200227582280164
2024-06-20,68.75962747777403
2024-12-29,72.30588385173945
2022-02-28,51.755854431812885
2021-08-03,47.84322338518898
2021-12-04,50.248916824265905
2023-04-27,60.27162788472968
2023-07-19,62.03927570778166
2024-03-10,66.59788958485224
2023-06-14,61.27454507164857
2021-05-02,45.91226270186479
2021-07-13,47.28556244182747
2023-02-15,58.65518633053451
2023-01-24,58.39858447575267
2022-03-12,52.29465225644504
2021-05-27,46.19961984979787
2021-09-25,48.66875771518828
2023-09-14,63.150384998816975
2024-06-24,68.70208814546011
2023-02-24,58.84744496281497
2022-03-01,51.98203328703604
2020-04-26,38.161718174305655
2022-01-10,51.115622987847985
2022-12-17,57.53669644934069
2022-04-10,52.939201144246375
2020-04-29,38.186378521220085
2021-10-18,49.167016160345504
2024-10-04,70.80598033782634
2021-09-27,48.64848364778201
2021-01-04,43.394178028645314
2020-09-25,41.44194221570897
2021-10-17,49.21971560637043
2022-07-24,54.62105231417833
2022-04-02,52.46162315987479
2022-05-16,52.53326493251251
2020-02-16,36.95931587605509
2024-04-18,67.3796544434462
2022-09-18,55.82567135008616
2022-05-26,53.6305056847074
2022-02-12,51.421663471020565
2023-05-04,60.35637516742635
2024-12-31,72.4997729273194
2020-01-05,36.17730505478102
2022-09-30,56.163697747590184
2024-05-01,67.74735215389636
2020-09-20,41.26957118156539
2024-04-29,67.5702176599806
2024-08-01,69.57669947265246
2021-03-19,44.71366042086167
2022-09-29,55.9677550394561
2022-12-13,57.37100137510214
2022-04-17,52.84674139744234
2024-06-27,68.79952172373926
2020-10-31,42.07383433509312
2023-09-27,63.23528657345184
2023-11-28,64.57517767734265
2020-11-09,42.22204129911595
2020-05-29,38.78805030366675
2023-02-22,59.01253448569927
2023-04-28,60.30122639007948
2021-07-28,47.458767103381646
2020-02-20,37.207906379997695
2023-11-23,64.40721918973465
2021-12-27,50.49525487066635
2022-04-13,52.59776591845271
2023-10-09,63.51202039225579
2023-01-20,58.24633161715066
2023-03-12,59.40578135093957
2021-04-15,45.36958443265883
2022-08-29,55.501525132534894
2021-10-15,48.96556644985672
2021-02-03,43.951613808626355
2021-05-26,46.17212989133774
2020-11-16,42.248412103840536
2020-01-20,36.49329603537714
2021-11-15,49.64381508449083
2020-02-05,36.7051659538365
2022-06-21,54.076300121364255
2022-04-07,52.580391917412015
2024-07-02,69.10550924258202
2021-02-11,44.02751927279411
2022-07-09,54.359542291368115
2021-06-21,46.790650963294226
2022-01-28,51.09582589828728
2022-11-28,57.08590779035365
2023-04-14,59.9999006573933
2020-09-02,40.882862317786405
2023-02-01,58.43573184799398
2022-02-23,51.59292527643259
2024-06-25,68.7275244978462
2021-05-04,45.66554955653994
2020-06-03,39.109768732547046
2022-08-19,55.05453328744573
2022-05-03,52.888979958457554
2023-08-04,62.178304167268465
2021-09-17,48.34988458500156
2021-11-16,49.64205932898252
2023-12-02,64.54602661561017
2021-07-23,47.44348557883601
2024-10-05,71.28555571942007
2020-01-18,36.27604617730908
2020-05-07,38.48682334777946
2023-09-08,62.94436779090937
2023-07-03,61.40533548311477
2024-11-30,71.73086967269032
2022-07-16,54.41110175123759
2022-09-07,55.558757079399086
2024-11-26,71.93679500430264
2020-07-09,39.772334745674954
2023-02-13,58.760129642539724
2022-09-19,55.92547902788314
2024-11-17,71.68654048925978
2024-03-01,66.38807906734553
2021-08-29,48.01650508310905
2020-06-29,39.56139184949863
2020-10-28,42.08678381017933
2021-05-11,45.93310156419966
2024-04-06,67.18055884629186
2024-08-03,69.56518445564039
2024-03-06,66.4133154121915
2024-02-12,66.0900207806645
2021-06-01,46.22019050105888
2024-12-16,72.15445744620935
2022-12-05,57.54736751797447
2021-04-21,45.31876899531105
2020-06-06,39.10477823358983
2023-05-28,60.92897131365832
2023-04-10,60.026829242267006
2020-01-17,36.37665940762
2022-12-08,57.4268043310259
2024-12-03,72.6443142063143
2021-06-30,46.98779922562938
2021-10-20,49.080662276129225
2024-01-31,65.91611402398212
2022-10-16,56.25513549446535
2024-03-07,66.45587464659668
2022-08-17,55.2482210225342
2024-09-15,70.36971588219392
2020-10-10,41.643717670439436
2022-03-08,51.97166546846308
2024-02-01,65.93728420431816
2020-08-13,40.39021758453501
2020-01-27,36.41381242727933
2024-06-09,68.17340348884854
2021-03-13,44.544770184197844
2024-11-11,71.62324147098406
2023-10-20,63.78100006862923
2020-08-17,40.54881122231316
2020-02-07,36.78849471792337
2022-01-19,50.81857051114644
2022-11-11,56.88140923058306
2023-10-30,63.92025565035905
2021-04-14,45.37454684598449
2024-04-03,66.98685324019615
2024-11-29,71.04870312439704
2021-11-18,49.657692237954116
2024-12-11,72.16443617398022
2021-10-01,48.82133144058838
2024-04-22,67.4844874520258
2023-05-03,60.534879249295315
2023-03-04,59.212399959186186
2023-11-16,64.4289913595464
2024-05-21,68.24622602089028
2023-07-24,61.92220449397298
2024-07-25,69.42896137195088
2022-03-11,51.89228268362503
2020-06-09,38.978813509562116
2022-08-14,55.33554376208035
2023-04-01,59.76558150423839
2022-04-01,52.47758139029687
2024-03-24,66.83054825160748
2022-05-27,53.393062958962666
2022-07-02,54.30131366654328
2020-06-01,38.88119200614526
2024-08-06,69.50963159713392
2024-06-15,68.45077524362667
2021-05-24,46.352998303372225
2023-02-09,58.15931439442263
2023-06-04,61.029331733966785
2024-11-07,71.47894534002951
2020-04-13,38.22599556081618
2023-12-16,64.97718612043445
2023-12-14,64.94457722584981
2021-08-09,47.812740812578944
2024-06-07,68.39511915459397
2023-02-17,58.90478570404207
2020-02-23,37.00170513722797
2020-05-31,39.21814934868925
2021-02-07,44.28599668828959
2024-11-06,71.4501680207202
2020-07-26,40.12336155380909
2024-09-24,70.43592715368297
2023-01-27,58.22453823496401
2024-05-23,68.19849864886798
2020-01-09,36.14087615933855
2022-10-11,56.236188559238954
2024-07-01,68.91249590122003
2022-11-26,57.28837744630334
2021-03-28,45.139122018015904
2020-09-10,41.230346163434106
2023-08-20,62.58103880258092
2022-06-15,53.87608594603758
2024-11-10,71.40845951553018
2022-05-30,53.59050507522871
2024-09-19,70.57192356082942
2021-09-15,48.64459333234455
2020-12-11,42.81873115501455
2024-04-13,67.23386479895014
2020-09-19,41.21280220104692
2023-08-14,62.47886930429403
2023-12-09,64.93283389246525
2020-05-30,39.03709294830417
2021-04-17,45.49443875723061
2021-10-02,48.883296182976025
2024-12-14,71.88646037897533
2024-09-16,70.32068905524845
2021-07-04,46.92627682683088
2022-07-17,54.67576336016225
2021-05-03,45.78032435139936
2024-07-15,69.13975870280768
2023-03-17,59.47002347637287
2020-05-26,38.84056059708648
2024-04-15,67.26108340855066
2024-10-24,71.24705442972538
2021-02-06,44.11395847716522
2022-08-12,55.257917193159926
2024-09-11,70.15644121119219
2021-10-21,49.24767742428724
2023-10-04,63.512364953884635
2021-04-08,45.37032572190885
2023-09-11,62.80561593403861
2020-07-05,39.67701561795719
2023-02-21,59.0122667919583
2023-05-09,60.596310871979746
2021-08-31,48.176921998382824
2020-05-23,38.93593785070279
2022-01-21,51.13842259246677
2024-03-14,66.673157794004
2022-09-08,55.69297807489008
2020-07-16,39.877144072177025
2022-06-02,53.72670540559697
2020-10-06,41.65268852839062
2020-10-20,41.951393991287524
2024-07-26,69.51819793325123
2021-02-04,43.990987928117306
2020-05-02,38.489857574036215
2023-04-22,60.10137946050881
2020-07-21,40.58988577677304
2024-01-02,65.12481135158586
2022-04-15,52.59757073689915
2020-09-03,40.93737911870271
2023-12-10,64.76576478045386
2024-09-30,70.75517940819141
2024-09-14,70.33872315316586
2023-02-27,58.97858511864343
2023-11-27,64.61394138246801
2021-01-19,43.58686867059692
2024-05-29,68.03762762243399
2022-05-04,53.0910436650841
2020-08-07,40.356368833159145
2021-10-03,48.75106607062718
2020-01-02,35.935431954240805
2020-04-22,38.27045917978446
2021-11-29,50.03074979269793
2024-10-11,72.05478845251389
2022-08-09,55.11247063660669
2024-05-22,67.96480576814288
2023-11-11,64.2884296487901
2023-11-10,64.49464858668074
2024-03-13,66.51176307517744
2023-07-15,61.76144754849131
2024-07-12,68.98992065513785
2021-03-17,44.831867797707254
2024-02-29,66.31650461439453
2023-02-10,58.63578923916245
2023-06-10,61.076244407729405
2024-08-30,70.09350445359682
2023-10-29,64.07107892910318
2021-10-25,49.114632544075796
2024-08-05,69.67266718864839
2023-06-11,61.212698839837486
2024-06-12,68.44387873564933
2020-11-13,42.39812114510866
2021-10-10,48.95815110021141
2023-12-05,64.64727470738046
2024-01-19,65.7187026577078
2021-12-10,50.1300544877008
2023-10-14,63.62132052152354
2023-07-06,61.6297179046373
2022-08-30,55.43762645510418
2021-09-19,48.584851764742915
2021-09-24,48.57732767119862
2023-07-30,62.179983719067785
2023-11-01,63.90466943653508
2023-11-09,63.94105086733876
2023-06-02,61.00990848380509
2024-11-15,71.47969634972613
2023-06-08,60.86291165668397
2024-02-05,65.91106684522099
2023-10-03,63.38442786277184
2024-03-09,66.66336352181166
2023-09-16,63.148973529913675
2024-10-21,71.47676602913029
2024-09-29,70.64402534375841
2024-08-17,69.93691360445075
2022-03-06,52.362433526411934
2021-10-07,48.80733813539173
2022-10-09,56.22665544454023
2024-08-08,69.54654496211471
2021-07-10,47.01565665568261
2021-11-12,49.57267889509104
2021-07-31,47.54501548209455
2023-01-14,58.11770585065787
2023-06-20,61.25326756662307
2023-03-29,59.64875149285405
2021-06-08,46.46418810306299
2022-11-25,57.02414923297203
2021-06-24,46.78782546607119
2023-04-09,59.81790523131317
2022-01-18,50.85735665860072
2024-08-20,69.78818173131872
2023-12-01,64.5477540167665
2021-04-29,45.80178888361675
2020-04-05,37.94946651948317
2022-10-17,56.35736241200442
2021-07-17,47.21715550264321
2023-06-18,61.27719630085945
2022-01-12,50.847057567698926
2022-05-13,53.39384999459669
2024-05-17,67.8183962551829
2024-01-24,65.60118761926006
2022-06-10,53.662538409404945
2024-04-26,67.5611703631808
2022-11-04,56.68495457494946
2020-07-25,40.081413498387654
2021-01-27,43.86249500740146
2022-03-05,51.91502812558854
2022-05-20,53.456690794256446
2021-02-01,43.88026000765272
2022-02-05,51.46617500152812
2024-08-10,69.71546777452801
2023-05-26,60.87168852890057
2022-10-25,56.57362643385584
2021-10-04,48.71566713903318
2024-09-21,70.60231230766409
2021-09-04,48.27051277672122
2022-08-18,55.182534510869175
2024-04-19,67.44803721626272
2021-12-26,50.496697144203516
2021-11-14,49.591584549729085
2020-04-08,38.0019427727654
2022-03-15,52.10071299326435
2024-05-16,67.83891888562019
2021-02-10,44.20477011868357
2021-05-17,45.96561539275885
2022-12-07,57.511552480098764
2022-11-22,57.12603379355625
2022-07-18,54.604704836422016
2022-02-18,51.82772930930279
2020-07-19,40.12386316135452
2020-05-14,38.79634218682231
2022-11-17,57.09139769744761
2020-02-10,36.76517296761485
2022-10-14,56.25346685553833
2020-08-18,40.62715050015855
2024-02-22,66.26036276438327
2021-01-13,43.47710841791723
2020-10-15,41.76755992537814
2021-02-22,44.54304024643534
2021-01-26,43.719286022482365
2021-08-15,47.905421975860435
2024-03-02,66.79398577012041
2023-03-08,59.21690423811258
2022-12-22,57.719867526696916
2024-02-04,65.96124220078605
2021-10-09,48.88724262017642
2023-02-26,59.200935133938444
2023-09-29,63.292353286130364
2021-06-04,46.49397433049723
2020-03-05,37.338843538231885
2020-01-15,36.28255035328034
2023-03-26,59.63939719390733
2022-11-30,57.32935356283946
2021-05-07,45.82299881612534
2021-01-14,43.46586336386119
2020-07-06,39.72875567782896
2022-02-02,51.20311489492748
2020-08-04,40.8877753265462
2022-03-02,51.907600801913055
2022-12-12,57.21951708218285
2022-05-28,53.76567366823151
2020-12-03,42.841993958116994
2021-12-20,50.347622478368784
2020-10-22,41.86160427260295
2022-10-13,56.24404535342932
2023-06-29,61.455079111058204
2024-01-25,65.64089953955113
2021-03-31,45.090445290924265
2024-12-28,72.62803415460016
2022-03-26,52.35601066868031
2020-09-26,41.25429637297327
2022-09-22,55.84565940634537
2020-07-20,40.04224837192852
2020-06-10,39.48639644980356
2024-04-28,67.5244650674155
2021-12-30,50.582864642996185
2021-02-05,43.96684005551956
2021-12-03,50.194650241025876
2024-02-09,66.61397375921138
2023-02-03,58.57122664431305
2021-07-19,47.1843895252409
2023-11-14,64.11283775168486
2022-10-18,56.42724324884905
2022-10-22,56.53263398201376
2023-11-12,64.29897918554943
2024-05-04,67.54447356328399
2023-01-09,58.048497820196886
2020-07-24,40.07237590283805
2020-02-04,36.315523356316376
2022-02-14,51.48076444326454
2021-05-23,46.253379952194074
2023-12-22,65.05288830244503
2024-01-18,65.53789318876827
2024-12-02,72.00542775771368
2023-10-22,63.68625233373104
2020-04-01,37.753509431918786
2023-09-25,63.23974025026028
2022-06-16,53.97106641715018
2021-07-18,47.30494756243491
2023-10-01,62.781448119622816
2022-02-15,51.31362196097551
2020-08-29,40.79581127196909
2020-01-14,36.266753830507696
2020-11-11,42.31514888237947
2021-08-23,47.937027648544664
2021-01-22,43.621495896323125
2023-07-21,61.97087640021861
2020-06-15,39.263291749286765
2022-04-20,52.8197506936059
2020-01-21,36.37089123005258
2021-10-08,48.67726047334305
2024-02-17,66.15881914971456
2023-02-28,59.003041481404246
2024-03-08,66.57197276556822
2022-04-11,52.62759972498793
2023-06-21,61.46023499722736
2024-05-09,67.70027633077102
2021-07-16,47.22610203733753
2024-11-14,71.56619377053366
2021-11-17,49.58702677437182
2022-08-15,55.11042500916104
2020-07-08,39.29197221558202
2022-09-02,55.524967768862474
2021-11-30,50.017664348185164
2024-02-08,66.13906854063511
2024-09-01,70.00158990485689
2021-05-25,46.16076371226801
2022-12-18,57.643220944491596
2021-04-19,45.93218819199838
2024-05-03,67.79158965290496
2022-05-06,53.20299658420729
2022-01-17,51.05725318241733
2020-09-09,41.00084263386462
2020-01-22,36.452753210869034
2023-08-30,62.66008385721339
2021-04-04,45.294405610777396
2023-03-30,59.725373055723736
2020-10-03,41.62354656131904
2022-08-13,55.097324048185804
2023-04-30,60.41314154901258
2021-01-20,43.62929719236893
2022-03-16,52.16836251050923
2023-12-08,64.71644277358195
2024-02-24,66.1460439701682
2020-12-09,42.80239074439328
2022-02-08,51.29153409440463
2023-08-25,62.66823781770013
2024-08-12,70.50309884051194
2020-05-10,38.59729304044933
2024-08-14,69.61128430439815
2022-05-21,53.46312825910529
2023-01-28,58.43437866246628
2023-10-28,63.86553202453736
2020-03-28,37.55158456918202
2024-01-22,65.77727604070432
2020-11-26,42.588929413184786
2023-05-23,60.941160907146276
2021-04-11,45.21341874501103
2020-05-01,38.40177717093364
2024-06-26,68.74094240100335
2022-11-10,56.82604607112096
2024-09-20,70.25451170835987
2022-12-31,57.84783774289454
2023-02-04,58.56086611152673
2023-07-18,61.93074622999576
2022-05-10,53.18725842442454
2023-12-30,65.11601513407683
2023-01-31,58.62415020154303
